Concessão;AE;Nome Sublanço;Sublanço Inicio;Sublanço Fim;Pk inicio (km);Pk Inicio (m);Pk fim (km);Pk fim (m);Centro Operacional;GO;GOA
BCR;Lig. PLLN;Castanheira do Ribatejo (A1) - PLLN;Castanheira do Ribatejo (A1) ; PLLN;0;0;1;300;Carregado;Rui Beja;Vitor Costa
BCR;A1;Sacavém - S. João da Talha;Sacavém ; S. João da Talha;1;100;4;950;Carregado;Rui Beja;Vitor Costa
BCR;A1;S. João da Talha - Sta Iria da Azóia;S. João da Talha ; Sta Iria da Azóia;4;950;7;890;Carregado;Rui Beja;Vitor Costa
BCR;A1;Sta Iria da Azóia - Alverca (A1/A9);Sta Iria da Azóia ; Alverca (A1/A9);7;890;14;150;Carregado;Rui Beja;Vitor Costa
BCR;A1;Alverca (A1/A9) - V. Franca de Xira II;Alverca (A1/A9) ; V. Franca de Xira II;14;150;21;600;Carregado;Rui Beja;Vitor Costa
BCR;A1;V. Franca de Xira II - V. Franca de Xira I;V. Franca de Xira II ; V. Franca de Xira I;21;600;25;70;Carregado;Rui Beja;Vitor Costa
BCR;A1;V. Franca de Xira I - Castanheira do Ribatejo;V. Franca de Xira I ; Castanheira do Ribatejo;25;70;28;970;Carregado;Rui Beja;Vitor Costa
BCR;A1;Castanheira do Ribatejo - A1/A10;Castanheira do Ribatejo ; A1/A10;28;970;30;200;Carregado;Rui Beja;Vitor Costa
BCR;A1;A1/A10 - Carregado;A1/A10 ; Carregado;30;200;31;20;Carregado;Rui Beja;Vitor Costa
BCR;A1;Carregado - Aveiras de Cima;Carregado ; Aveiras de Cima;31;20;46;580;Carregado;Rui Beja;Vitor Costa
BCR;A1;Aveiras de Cima - Cartaxo;Aveiras de Cima ; Cartaxo;46;580;57;870;Carregado;Rui Beja;Vitor Costa
BCR;A1;Cartaxo - Santarém;Cartaxo ; Santarém;57;870;65;870;Carregado;Rui Beja;Vitor Costa
BCR;A1;Santarém - A1/A15;Santarém ; A1/A15;65;870;67;140;Carregado;Rui Beja;Vitor Costa
BCR;A1;A1/A15 - Torres Novas (A1/A23);A1/A15 ; Torres Novas (A1/A23);67;140;94;150;Carregado;Rui Beja;Vitor Costa
BCR;A1;Torres Novas (A1/A23) - Fátima;Torres Novas (A1/A23) ; Fátima;94;150;114;470;Leiria;Pedro Tomás;Tiago Cancela
BCR;A1;Fátima - Leiria;Fátima ; Leiria;114;470;129;710;Leiria;Pedro Tomás;Tiago Cancela
BCR;A1;Leiria - Pombal;Leiria ; Pombal;129;710;153;770;Leiria;Pedro Tomás;Tiago Cancela
BCR;A1;Pombal - Soure;Pombal ; Soure;153;770;168;520;Leiria;Pedro Tomás;Tiago Cancela
BCR;A1;Soure - Condeixa;Soure ; Condeixa;168;520;181;550;Mealhada/Marinha;Nuno Prada;João Teixeira
BCR;A1;Condeixa - Coimbra Sul;Condeixa ; Coimbra Sul;181;550;189;230;Mealhada/Marinha;Nuno Prada;João Teixeira
BCR;A1;Coimbra Sul - Coimbra Norte (A1/A14);Coimbra Sul ; Coimbra Norte (A1/A14);189;230;197;540;Mealhada/Marinha;Nuno Prada;João Teixeira
BCR;A1;Coimbra Norte (A1/A14) - Mealhada;Coimbra Norte (A1/A14) ; Mealhada;197;540;209;240;Mealhada/Marinha;Nuno Prada;João Teixeira
BCR;A1;Mealhada - Aveiro Sul;Mealhada ; Aveiro Sul;209;240;232;880;Feira;Manuel Afecto;Pedro Ferreira
BCR;A1;Aveiro Sul - Albergaria (A1/A25);Aveiro Sul ; Albergaria (A1/A25);232;880;247;660;Feira;Manuel Afecto;Pedro Ferreira
BCR;A1;Albergaria (A1/A25) - Estarreja;Albergaria (A1/A25) ; Estarreja;247;660;258;90;Feira;Manuel Afecto;Pedro Ferreira
BCR;A1;Estarreja - Feira;Estarreja ; Feira;258;90;274;880;Feira;Manuel Afecto;Pedro Ferreira
BCR;A1;Feira - A1/A41;Feira ; A1/A41;274;880;284;700;Feira;Manuel Afecto;Pedro Ferreira
BCR;A1;A1/A41 - Feiteira;A1/A41 ; Feiteira;284;700;288;630;Feira;Manuel Afecto;Pedro Ferreira
BCR;A1;Feiteira - Carvalhos;Feiteira ; Carvalhos;288;630;292;10;Feira;Manuel Afecto;Pedro Ferreira
BCR;A1;Carvalhos - Jaca (A1/A29);Carvalhos ; Jaca (A1/A29);292;10;294;770;Feira;Manuel Afecto;Pedro Ferreira
BCR;A1;Jaca (A1/A29) - Sto Ovídio;Jaca (A1/A29) ; Sto Ovídio;294;770;296;594;Feira;Manuel Afecto;Pedro Ferreira
BCR;A2;Almada - Fogueteiro;Almada ; Fogueteiro;6;90;15;70;Coina;Ricardo Santos;Diego Mendes
BCR;A2;Fogueteiro - Coina ;Fogueteiro ; Coina ;15;70;23;920;Coina;Ricardo Santos;Diego Mendes
BCR;A2;Coina  - Palmela;Coina  ; Palmela;23;920;35;410;Coina;Ricardo Santos;Diego Mendes
BCR;A2;Palmela - A2/A12;Palmela ; A2/A12;35;410;37;480;Coina;Ricardo Santos;Diego Mendes
BCR;A2;A2/A12 - Marateca;A2/A12 ; Marateca;37;480;54;770;Coina;Ricardo Santos;Diego Mendes
BCR;A2;Marateca - A2/A6/A13;Marateca ; A2/A6/A13;54;770;57;100;Grândola/Almodôvar;Alexandra Guerreiro;Filipe Rodrigues
BCR;A2;A2/A6/A13 - Alcácer do Sal;A2/A6/A13 ; Alcácer do Sal;57;100;81;930;Grândola/Almodôvar;Alexandra Guerreiro;Filipe Rodrigues
BCR;A2;Alcácer do Sal - Grândola Norte;Alcácer do Sal ; Grândola Norte;81;930;104;510;Grândola/Almodôvar;Alexandra Guerreiro;Filipe Rodrigues
BCR;A2;Grândola Norte - Grândola Sul;Grândola Norte ; Grândola Sul;104;510;119;900;Grândola/Almodôvar;Alexandra Guerreiro;Filipe Rodrigues
BCR;A2;Grândola Sul - Aljustrel;Grândola Sul ; Aljustrel;119;900;151;380;Grândola/Almodôvar;Alexandra Guerreiro;Filipe Rodrigues
BCR;A2;Aljustrel - Castro Verde;Aljustrel ; Castro Verde;151;380;178;200;Grândola/Almodôvar;Alexandra Guerreiro;Filipe Rodrigues
BCR;A2;Castro Verde - Almodôvar;Castro Verde ; Almodôvar;178;200;195;0;Grândola/Almodôvar;Alexandra Guerreiro;Filipe Rodrigues
BCR;A2;Almodôvar - S. B. Messines;Almodôvar ; S. B. Messines;195;0;228;80;Grândola/Almodôvar;Alexandra Guerreiro;Filipe Rodrigues
BCR;A2;S. B. Messines - Paderne (A2/A22);S. B. Messines ; Paderne (A2/A22);228;80;240;200;Grândola/Almodôvar;Alexandra Guerreiro;Filipe Rodrigues
BCR;A3;Porto (VCI) - EN12 ;Porto (VCI) ; EN12 ;0;0;1;30;Maia;Carlos Martins;Artur Sousa
BCR;Lig. CSB;Braga Sul - Celeirós;Braga Sul ; Celeirós;0;0;1;320;Maia;Carlos Martins;Artur Sousa
BCR;CSB;Rotunda EN14 - Var EN14;Rotunda EN14 ; Var EN14;0;0;0;400;Maia;Carlos Martins;Artur Sousa
BCR;CSB;Var EN14 - EN309;Var EN14 ; EN309;0;400;1;830;Maia;Carlos Martins;Artur Sousa
BCR;A3;EN12  - Águas Santas (A3/A4);EN12  ; Águas Santas (A3/A4);1;30;3;130;Maia;Carlos Martins;Artur Sousa
BCR;Lig. CSB;Celeirós - Var EN14;Celeirós ; Var EN14;1;320;0;400;Maia;Carlos Martins;Artur Sousa
BCR;CSB;EN309 - EN101;EN309 ; EN101;1;830;2;890;Maia;Carlos Martins;Artur Sousa
BCR;CSB;EN101 - Circular Sul de Braga;EN101 ; Circular Sul de Braga;2;890;3;555;Maia;Carlos Martins;Artur Sousa
BCR;A3;Águas Santas (A3/A4) - Maia;Águas Santas (A3/A4) ; Maia;3;130;8;360;Maia;Carlos Martins;Artur Sousa
BCR;A3;Maia - Santo Tirso ;Maia ; Santo Tirso ;8;360;21;210;Ponte de Lima;Matilde Oliveira;Fernando Sousa
BCR;A3;Santo Tirso  - Famalicão;Santo Tirso  ; Famalicão;21;210;25;740;Ponte de Lima;Matilde Oliveira;Fernando Sousa
BCR;A3;Famalicão - Cruz;Famalicão ; Cruz;25;740;35;180;Ponte de Lima;Matilde Oliveira;Fernando Sousa
BCR;A3;Cruz - Braga Sul;Cruz ; Braga Sul;35;180;42;430;Ponte de Lima;Matilde Oliveira;Fernando Sousa
BCR;A3;Braga Sul - Braga Oeste;Braga Sul ; Braga Oeste;42;430;46;940;Ponte de Lima;Matilde Oliveira;Fernando Sousa
BCR;A3;Braga Oeste - EN201;Braga Oeste ; EN201;46;940;66;840;Ponte de Lima;Matilde Oliveira;Fernando Sousa
BCR;A3;EN201 - Ponte de Lima Sul;EN201 ; Ponte de Lima Sul;66;840;76;840;Ponte de Lima;Matilde Oliveira;Fernando Sousa
BCR;A3;Ponte de Lima Sul - Ponte de Lima Norte;Ponte de Lima Sul ; Ponte de Lima Norte;76;840;77;670;Ponte de Lima;Matilde Oliveira;Fernando Sousa
BCR;A3;Ponte de Lima Norte - EN303;Ponte de Lima Norte ; EN303;77;670;98;440;Ponte de Lima;Matilde Oliveira;Fernando Sousa
BCR;A3;EN303 - Valença;EN303 ; Valença;98;440;106;450;Ponte de Lima;Matilde Oliveira;Fernando Sousa
BCR;A4;Águas Santas (A3/A4) - Ermesinde;Águas Santas (A3/A4) ; Ermesinde;8;0;11;80;Maia;Carlos Martins;Artur Sousa
BCR;A4;Ermesinde - Valongo;Ermesinde ; Valongo;11;80;15;330;Maia;Carlos Martins;Artur Sousa
BCR;A4;Valongo - Campo;Valongo ; Campo;15;330;20;390;Maia;Carlos Martins;Artur Sousa
BCR;A4;Campo - Baltar;Campo ; Baltar;20;390;26;760;Maia;Carlos Martins;Artur Sousa
BCR;A4;Baltar - Paredes;Baltar ; Paredes;26;760;32;480;Maia;Carlos Martins;Artur Sousa
BCR;A4;Paredes - Guilhufe;Paredes ; Guilhufe;32;480;35;90;Maia;Carlos Martins;Artur Sousa
BCR;A4;Guilhufe - Penafiel;Guilhufe ; Penafiel;35;90;37;290;Maia;Carlos Martins;Artur Sousa
BCR;A4;Penafiel - Castelões (A4/IP9);Penafiel ; Castelões (A4/IP9);37;290;45;0;Maia;Carlos Martins;Artur Sousa
BCR;A4;Castelões (A4/IP9) - Amarante Poente;Castelões (A4/IP9) ; Amarante Poente;45;0;57;310;Maia;Carlos Martins;Artur Sousa
BCR;A4;Amarante Poente - Amarante Nascente;Amarante Poente ; Amarante Nascente;57;310;58;50;Maia;Carlos Martins;Artur Sousa
BCR;A4;Amarante Nascente - Geraldes;Amarante Nascente ; Geraldes;58;50;59;300;Maia;Carlos Martins;Artur Sousa
BCR;A5;Viaduto Duarte Pacheco - Cruz das Oliveiras;Viaduto Duarte Pacheco ; Cruz das Oliveiras;0;0;1;500;Carcavelos;Rute Curto;João Mesquita
BCR;A5;Cruz das Oliveiras - Monsanto;Cruz das Oliveiras ; Monsanto;1;500;2;960;Carcavelos;Rute Curto;João Mesquita
BCR;A5;Monsanto - Miraflores (A5/IC17);Monsanto ; Miraflores (A5/IC17);2;960;3;940;Carcavelos;Rute Curto;João Mesquita
BCR;A5;Miraflores (A5/IC17) - Linda-a-Velha;Miraflores (A5/IC17) ; Linda-a-Velha;3;940;5;370;Carcavelos;Rute Curto;João Mesquita
BCR;A5;Linda-a-Velha - Estádio Nacional (A5/A9);Linda;a-Velha - Estádio Nacional (A5/A9);5;370;8;630;Carcavelos;Rute Curto;João Mesquita
BCR;A5;Estádio Nacional (A5/A9) - Oeiras;Estádio Nacional (A5/A9) ; Oeiras;8;630;11;580;Carcavelos;Rute Curto;João Mesquita
BCR;A5;Oeiras - Carcavelos;Oeiras ; Carcavelos;11;580;14;960;Carcavelos;Rute Curto;João Mesquita
BCR;A5;Carcavelos - Estoril;Carcavelos ; Estoril;14;960;19;670;Carcavelos;Rute Curto;João Mesquita
BCR;A5;Estoril - Alcabideche (A5/A16);Estoril ; Alcabideche (A5/A16);19;670;22;620;Carcavelos;Rute Curto;João Mesquita
BCR;A5;Alcabideche (A5/A16) - Alvide;Alcabideche (A5/A16) ; Alvide;22;620;23;370;Carcavelos;Rute Curto;João Mesquita
BCR;A5;Alvide - Cascais;Alvide ; Cascais;23;370;25;0;Carcavelos;Rute Curto;João Mesquita
BCR;A6;A2/A6/A13 - Vendas Novas;A2/A6/A13 ; Vendas Novas;0;0;19;840;Estremoz / Salvaterra / Estremoz;Manuel Claro;Gonçalo Branco
BCR;A6;Vendas Novas - Montemor-o-Novo Poente;Vendas Novas ; Montemor-o-Novo Poente;19;840;38;520;Estremoz / Salvaterra / Estremoz;Manuel Claro;Gonçalo Branco
BCR;A6;Montemor-o-Novo Poente - Montemor-o-Novo Nascente;Montemor;o-Novo Poente - Montemor-o-Novo Nascente;38;520;43;990;Estremoz / Salvaterra / Estremoz;Manuel Claro;Gonçalo Branco
BCR;A6;Montemor-o-Novo Nascente - Évora Poente;Montemor;o-Novo Nascente - Évora Poente;43;990;59;220;Estremoz / Salvaterra / Estremoz;Manuel Claro;Gonçalo Branco
BCR;A6;Évora Poente - Évora Nascente;Évora Poente ; Évora Nascente;59;220;75;320;Estremoz / Salvaterra / Estremoz;Manuel Claro;Gonçalo Branco
BCR;A6;Évora Nascente - Estremoz;Évora Nascente ; Estremoz;75;320;105;280;Estremoz / Salvaterra / Estremoz;Manuel Claro;Gonçalo Branco
BCR;A6;Estremoz - Borba;Estremoz ; Borba;105;280;117;370;Estremoz / Salvaterra / Estremoz;Manuel Claro;Gonçalo Branco
BCR;A6;Borba - Elvas Poente;Borba ; Elvas Poente;117;370;140;290;Estremoz / Salvaterra / Estremoz;Manuel Claro;Gonçalo Branco
BCR;A6;Elvas Poente - EN246;Elvas Poente ; EN246;140;290;145;540;Estremoz / Salvaterra / Estremoz;Manuel Claro;Gonçalo Branco
BCR;A6;EN246 - Elvas Central;EN246 ; Elvas Central;145;540;148;450;Estremoz / Salvaterra / Estremoz;Manuel Claro;Gonçalo Branco
BCR;A6;Elvas Central - Elvas Nascente;Elvas Central ; Elvas Nascente;148;450;152;100;Estremoz / Salvaterra / Estremoz;Manuel Claro;Gonçalo Branco
BCR;A6;Elvas Nascente - Caia;Elvas Nascente ; Caia;152;100;157;340;Estremoz / Salvaterra / Estremoz;Manuel Claro;Gonçalo Branco
BCR;A6;Caia - Fronteira do Caia;Caia ; Fronteira do Caia;157;340;158;740;Estremoz / Salvaterra / Estremoz;Manuel Claro;Gonçalo Branco
AELO;A8;A8/A19 - Cortes;A8/A19 ; Cortes;132;92;135;28;Leiria;Pedro Tomás;Tiago Cancela
AELO;A8;Cortes - Pousos;Cortes ; Pousos;135;28;138;58;Leiria;Pedro Tomás;Tiago Cancela
AELO;A8;Pousos - Ligação à A1;Pousos ; Ligação à A1;138;58;139;368;Leiria;Pedro Tomás;Tiago Cancela
AELO;A8-1;Ligação A8-1/A1 - Ligação A8-1/VPL;Ligação A8;1/A1 - Ligação A8-1/VPL;0;0;0;884;Leiria;Pedro Tomás;Tiago Cancela
AELO;A8-1;Ligação A8-1/VPL - IC2 (EN1);Ligação A8;1/VPL - IC2 (EN1);0;884;3;20;Leiria;Pedro Tomás;Tiago Cancela
BCR;A9;Estádio Nacional - Queluz;Estádio Nacional ; Queluz;0;0;4;200;Loures;Rute Curto;João Mesquita
BCR;A9;Queluz - A9/A16;Queluz ; A9/A16;4;200;6;920;Loures;Rute Curto;João Mesquita
BCR;A9;A9/A16 - Radial da Pontinha;A9/A16 ; Radial da Pontinha;6;920;10;200;Loures;Rute Curto;João Mesquita
BCR;A9;Radial da Pontinha - Radial de Odivelas;Radial da Pontinha ; Radial de Odivelas;10;200;17;20;Loures;Rute Curto;João Mesquita
BCR;A9;Radial de Odivelas - A8/A9;Radial de Odivelas ; A8/A9;17;20;20;570;Loures;Rute Curto;João Mesquita
BCR;A9;A8/A9 - Bucelas (Zambujal);A8/A9 ; Bucelas (Zambujal);20;570;24;10;Loures;Rute Curto;João Mesquita
BCR;A9;Bucelas (Zambujal) - A9/A10;Bucelas (Zambujal) ; A9/A10;24;10;32;420;Loures;Rute Curto;João Mesquita
BCR;A9;A9/A10 - Alverca;A9/A10 ; Alverca;32;420;35;500;Loures;Rute Curto;João Mesquita
BCR;A10;A9/A10 - Arruda dos Vinhos;A9/A10 ; Arruda dos Vinhos;0;0;6;570;Carregado;Rui Beja;Vitor Costa
BCR;A10;Arruda dos Vinhos - A1/A10;Arruda dos Vinhos ; A1/A10;6;570;17;660;Carregado;Rui Beja;Vitor Costa
BCR;A10;A1/A10 - Benavente;A1/A10 ; Benavente;17;660;32;220;Carregado;Rui Beja;Vitor Costa
BCR;A10;Benavente - A10/A13;Benavente ; A10/A13;32;220;38;800;Estremoz / Salvaterra / Estremoz;Manuel Claro;Gonçalo Branco
BCR;A12;Montijo (A12/A33) - Pinhal Novo;Montijo (A12/A33) ; Pinhal Novo;0;0;9;610;Coina;Ricardo Santos;Diego Mendes
BCR;Lig. Alto Guerra;A12/LAG - Alto da Guerra;A12/LAG ; Alto da Guerra;0;0;0;800;Coina;Ricardo Santos;Diego Mendes
BCR;Lig. Alto Guerra;Alto da Guerra - EN10;Alto da Guerra ; EN10;0;800;3;200;Coina;Ricardo Santos;Diego Mendes
BCR;A12;Pinhal Novo - A2/A12;Pinhal Novo ; A2/A12;9;610;19;10;Coina;Ricardo Santos;Diego Mendes
BCR;A12;A2/A12 - Setúbal;A2/A12 ; Setúbal;19;10;24;200;Coina;Ricardo Santos;Diego Mendes
BCR;A13;A2/A6/A13 - Pegões;A2/A6/A13 ; Pegões;0;0;10;480;Estremoz / Salvaterra / Estremoz;Manuel Claro;Gonçalo Branco
BCR;A13;Pegões - Sto Estêvão;Pegões ; Sto Estêvão;10;480;29;850;Estremoz / Salvaterra / Estremoz;Manuel Claro;Gonçalo Branco
BCR;A13;Sto Estêvão - A10/A13;Sto Estêvão ; A10/A13;29;850;40;960;Estremoz / Salvaterra / Estremoz;Manuel Claro;Gonçalo Branco
BCR;A13;A10/A13 - Salvaterra de Magos;A10/A13 ; Salvaterra de Magos;40;960;53;130;Estremoz / Salvaterra / Estremoz;Manuel Claro;Gonçalo Branco
BCR;A13;Salvaterra de Magos - Almeirim (IC10);Salvaterra de Magos ; Almeirim (IC10);53;130;76;500;Estremoz / Salvaterra / Estremoz;Manuel Claro;Gonçalo Branco
BCR;A13;Almeirim (IC10) - EN118;Almeirim (IC10) ; EN118;76;500;78;880;Estremoz / Salvaterra / Estremoz;Manuel Claro;Gonçalo Branco
BCR;A14;Figueira da Foz - Vila Verde;Figueira da Foz ; Vila Verde;0;500;4;70;Mealhada/Marinha;Nuno Prada;João Teixeira
BCR;A14;Vila Verde - A14/A17;Vila Verde ; A14/A17;4;70;5;180;Mealhada/Marinha;Nuno Prada;João Teixeira
BCR;A14;A14/A17 - Santa Eulália;A14/A17 ; Santa Eulália;5;180;12;640;Mealhada/Marinha;Nuno Prada;João Teixeira
BCR;A14;Santa Eulália - Montemor-o-Velho;Santa Eulália ; Montemor-o-Velho;12;640;17;610;Mealhada/Marinha;Nuno Prada;João Teixeira
BCR;A14;Montemor-o-Velho - EN335;Montemor;o-Velho - EN335;17;610;25;650;Mealhada/Marinha;Nuno Prada;João Teixeira
BCR;A14;EN335 - Ançã;EN335 ; Ançã;25;650;35;260;Mealhada/Marinha;Nuno Prada;João Teixeira
BCR;A14;Ançã - Coimbra Norte (A1/A14);Ançã ; Coimbra Norte (A1/A14);35;260;39;690;Mealhada/Marinha;Nuno Prada;João Teixeira
BCR;A14;Coimbra Norte (A1/A14) - Zombaria;Coimbra Norte (A1/A14) ; Zombaria;39;690;40;750;Mealhada/Marinha;Nuno Prada;João Teixeira
BRISAL;A17;A8/A17 - A8/A17 N;A8/A17 ; A8/A17 N;0;0;0;900;Mealhada/Marinha;Nuno Prada;João Teixeira
BRISAL;A17;A8/A17 N - Leiria Norte;A8/A17 N ; Leiria Norte;0;900;10;308;Mealhada/Marinha;Nuno Prada;João Teixeira
BRISAL;A17;Leiria Norte - Monte Real;Leiria Norte ; Monte Real;10;308;14;676;Mealhada/Marinha;Nuno Prada;João Teixeira
BRISAL;A17;Monte Real - Monte Redondo;Monte Real ; Monte Redondo;14;676;19;957;Mealhada/Marinha;Nuno Prada;João Teixeira
BRISAL;A17;Monte Redondo - Guia;Monte Redondo ; Guia;19;957;26;569;Mealhada/Marinha;Nuno Prada;João Teixeira
BRISAL;A17;Guia - Louriçal;Guia ; Louriçal;26;569;32;190;Mealhada/Marinha;Nuno Prada;João Teixeira
BRISAL;A17;Louriçal - Marinha Ondas;Louriçal ; Marinha Ondas;32;190;38;655;Mealhada/Marinha;Nuno Prada;João Teixeira
BRISAL;A17;Marinha Ondas - A17/14 Figueira da Foz;Marinha Ondas ; A17/14 Figueira da Foz;38;655;54;913;Mealhada/Marinha;Nuno Prada;João Teixeira
BRISAL;A17;A17/14 Figueira da Foz - Quiaios;A17/14 Figueira da Foz ; Quiaios;54;913;63;586;Mealhada/Marinha;Nuno Prada;João Teixeira
BRISAL;A17;Quiaios - Tocha;Quiaios ; Tocha;63;586;77;859;Mealhada/Marinha;Nuno Prada;João Teixeira
BRISAL;A17;Tocha - Mira Nó;Tocha ; Mira Nó;77;859;87;968;Mealhada/Marinha;Nuno Prada;João Teixeira
BRISAL;A17;Mira Nó - Mira PV(limite concessão);Mira Nó ; Mira PV(limite concessão);87;968;92;0;Mealhada/Marinha;Nuno Prada;João Teixeira
AELO;A19;São Jorge - Batalha;São Jorge ; Batalha;107;400;113;800;Leiria - AELO;Pedro Tomás;Tiago Cancela
AELO;A19;Batalha - Azóia;Batalha ; Azóia;113;800;119;400;Leiria - AELO;Pedro Tomás;Tiago Cancela
AELO;A19;Azóia - A19/A8;Azóia ; A19/A8;119;400;120;575;Leiria - AELO;Pedro Tomás;Tiago Cancela
AELO;A19;A19/A8 - Ligação à CIL;A19/A8 ; Ligação à CIL;120;575;121;265;Leiria - AELO;Pedro Tomás;Tiago Cancela
AELO;A19;Ligação à CIL - Barosa;Ligação à CIL ; Barosa;121;265;122;700;Leiria - AELO;Pedro Tomás;Tiago Cancela
AELO;A19;Barosa - Gândara;Barosa ; Gândara;122;700;123;675;Leiria - AELO;Pedro Tomás;Tiago Cancela
AEBT;A33;Casas Velhas - Lazarim;Casas Velhas ; Lazarim;0;0;1;92;Coina - AEBT;Ricardo Santos;Diego Mendes
AEBT;A33;Lazarim - Botequim;Lazarim ; Botequim;1;92;3;100;Coina - AEBT;Ricardo Santos;Diego Mendes
AEBT;A33;Botequim - Palhais;Botequim ; Palhais;3;100;3;949;Coina - AEBT;Ricardo Santos;Diego Mendes
AEBT;A33;Palhais - Queimada ;Palhais ; Queimada ;3;949;5;643;Coina - AEBT;Ricardo Santos;Diego Mendes
AEBT;A33;Queimada  - Belverde ;Queimada  ; Belverde ;5;643;10;74;Coina - AEBT;Ricardo Santos;Diego Mendes
AEBT;A33;Belverde  - Laranjeiras;Belverde  ; Laranjeiras;10;74;11;852;Coina - AEBT;Ricardo Santos;Diego Mendes
AEBT;A33;Laranjeiras - Coina com EN10 ;Laranjeiras ; Coina com EN10 ;11;852;17;936;Coina - AEBT;Ricardo Santos;Diego Mendes
AEBT;A33;Coina com EN10  - Penalva;Coina com EN10  ; Penalva;17;936;21;333;Coina - AEBT;Ricardo Santos;Diego Mendes
AEBT;A33;Penalva - Moita;Penalva ; Moita;21;333;27;769;Coina - AEBT;Ricardo Santos;Diego Mendes
AEBT;A33;Moita - Sarilhos;Moita ; Sarilhos;27;769;32;419;Coina - AEBT;Ricardo Santos;Diego Mendes
AEBT;A33;Sarilhos - Montijo;Sarilhos ; Montijo;32;419;35;119;Coina - AEBT;Ricardo Santos;Diego Mendes
AEBT;A33;Montijo - A33/A12;Montijo ; A33/A12;35;119;36;889;Coina - AEBT;Ricardo Santos;Diego Mendes
AELO;EN242;Rotunda 4 - Rotunda 3;Rotunda 4 ; Rotunda 3;32;100;33;630;Leiria - AELO;Pedro Tomás;Tiago Cancela
AELO;EN242;Rotunda 3 - Rotunda 2;Rotunda 3 ; Rotunda 2;33;630;34;530;Leiria - AELO;Pedro Tomás;Tiago Cancela
AELO;EN242;Rotunda 2 - Rotunda 1;Rotunda 2 ; Rotunda 1;34;530;37;136;Leiria - AELO;Pedro Tomás;Tiago Cancela
AELO;EN242;Rotunda 1 - Ligação à EN242 ( Sul );Rotunda 1 ; Ligação à EN242 ( Sul );37;136;37;800;Leiria - AELO;Pedro Tomás;Tiago Cancela
AEBT;IC3;A33/A12 - Alcochete;A33/A12 ; Alcochete;0;0;2;950;Coina - AEBT;Ricardo Santos;Diego Mendes
AEBT;IC3;Alcochete - EN 118;Alcochete ; EN 118;2;950;3;300;Coina - AEBT;Ricardo Santos;Diego Mendes
AELO;IC9;IC9/EN242 - Valado dos Frades;IC9/EN242 ; Valado dos Frades;0;0;4;120;Leiria - AELO;Pedro Tomás;Tiago Cancela
AELO;IC9;Valado dos Frades - Maiorga;Valado dos Frades ; Maiorga;4;120;8;240;Leiria - AELO;Pedro Tomás;Tiago Cancela
AELO;IC9;Maiorga - Alcobaça;Maiorga ; Alcobaça;8;240;10;267;Leiria - AELO;Pedro Tomás;Tiago Cancela
AELO;IC9;Alcobaça - IC9/EN1;Alcobaça ; IC9/EN1;10;267;16;965;Leiria - AELO;Pedro Tomás;Tiago Cancela
AELO;IC9;IC9/EN1 - EN243;IC9/EN1 ; EN243;16;965;18;110;Leiria - AELO;Pedro Tomás;Tiago Cancela
AELO;IC9;EN243 - EN356;EN243 ; EN356;18;110;24;650;Leiria - AELO;Pedro Tomás;Tiago Cancela
AELO;IC9;EN356 - Fátima / S. Catarina da Serra;EN356 ; Fátima / S. Catarina da Serra;24;650;35;325;Leiria - AELO;Pedro Tomás;Tiago Cancela
AELO;IC9;Fátima / S. Catarina da Serra - Ourem Poente;Fátima / S. Catarina da Serra ; Ourem Poente;35;325;38;550;Leiria - AELO;Pedro Tomás;Tiago Cancela
AELO;IC9;Ourem Poente - Ourem Norte;Ourem Poente ; Ourem Norte;38;550;44;550;Leiria - AELO;Pedro Tomás;Tiago Cancela
AELO;IC9;Ourem Norte - Alburitel;Ourem Norte ; Alburitel;44;550;51;680;Leiria - AELO;Pedro Tomás;Tiago Cancela
AELO;IC9;Alburitel - Vale dos Ovos;Alburitel ; Vale dos Ovos;51;680;55;700;Leiria - AELO;Pedro Tomás;Tiago Cancela
AELO;IC9;Vale dos Ovos - Carregueiros;Vale dos Ovos ; Carregueiros;55;700;60;740;Leiria - AELO;Pedro Tomás;Tiago Cancela
AELO;IC9;Carregueiros - Tomar;Carregueiros ; Tomar;60;740;66;410;Leiria - AELO;Pedro Tomás;Tiago Cancela
AELO;IC9;Tomar - IC9/IC3;Tomar ; IC9/IC3;66;410;68;208;Leiria - AELO;Pedro Tomás;Tiago Cancela
AEBT;IC20;Rotunda Centro Sul - Hospital;Rotunda Centro Sul ; Hospital;0;700;2;750;Coina - AEBT;Ricardo Santos;Diego Mendes
AEBT;IC20;Hospital - Casas Velhas;Hospital ; Casas Velhas;2;750;3;820;Coina - AEBT;Ricardo Santos;Diego Mendes
AEBT;IC20;Casas Velhas - Funchalinho;Casas Velhas ; Funchalinho;3;820;5;80;Coina - AEBT;Ricardo Santos;Diego Mendes
AEBT;IC20;Funchalinho - IC20/ER377-2;Funchalinho ; IC20/ER377-2;5;80;6;800;Coina - AEBT;Ricardo Santos;Diego Mendes
AEBT;IC21;Coina - Penalva;Coina ; Penalva;0;0;2;100;Coina - AEBT;Ricardo Santos;Diego Mendes
AEBT;IC21;Penalva - Stº Antonio da Charneca;Penalva ; Stº Antonio da Charneca;2;100;4;600;Coina - AEBT;Ricardo Santos;Diego Mendes
AEBT;IC21;Stº Antonio da Charneca - Cruz.to de Sto André;Stº Antonio da Charneca ; Cruz.to de Sto André;4;600;7;200;Coina - AEBT;Ricardo Santos;Diego Mendes
AEBT;IC21;Cruz.to de Sto André - Cruz.to do Hospital;Cruz.to de Sto André ; Cruz.to do Hospital;7;200;8;850;Coina - AEBT;Ricardo Santos;Diego Mendes
AEBT;IC21;Cruz.to do Hospital - Rotunda do Lavradio;Cruz.to do Hospital ; Rotunda do Lavradio;8;850;9;500;Coina - AEBT;Ricardo Santos;Diego Mendes
AELO;VPL;VPL/A8-1 - Rotunda;VPL/A8;1 - Rotunda;0;0;1;850;Leiria - AELO;Pedro Tomás;Tiago Cancela
AEBT;Lig. Trafaria;Trafaria - Funchalinho;Trafaria ; Funchalinho;0;0;2;830;Coina - AEBT;Ricardo Santos;Diego Mendes
AEBT;Lig. Trafaria;Funchalinho - Lazarinho;Funchalinho ; Lazarinho;2;830;4;230;Coina - AEBT;Ricardo Santos;Diego Mendes
